Workbook

Sheet Commercialisation Model
B1: Commercialisation Model (Product Wise) eg, SI-6
D2: Score Calculations | J2: Business Channel (Select one from dropdown Menue), then Set Scores & Calculate Charges
B3: Commercialization Matrix | C3: Score Points | D3: Royalty | E3: Fees | F3: spinoff | G3: Franchise | H3: Other | I3: Factor | J3: Royalty | K3: Fees | L3: spinoff | M3: Franchise | N3: Other | O3: Total
B4: Strength of idea/ Concept | C4: 1 to 5*1 | D4: 5 | G4: 5 | I4: 1 | J4: =D4*$I4 -> 5 | K4: =E4*$I4 -> 0 | L4: =F4*$I4 -> 0 | M4: =G4*$I4 -> 5 | N4: =H4*$I4 -> 0 | O4: =SUM(J4:N4) -> 10
B5: Prototype readiness for commercialisation | C5: 1 to 5*2 | D5: 4 | G5: 4 | I5: 2 | J5: =D5*$I5 -> 8 | K5: =E5*$I5 -> 0 | L5: =F5*$I5 -> 0 | M5: =G5*$I5 -> 8 | N5: =H5*$I5 -> 0 | O5: =SUM(J5:N5) -> 16
B6: Completion & Quality of Piloting Scale | C6: 1 to 5*3 | D6: 3 | G6: 3 | I6: 3 | J6: =D6*$I6 -> 9 | K6: =E6*$I6 -> 0 | L6: =F6*$I6 -> 0 | M6: =G6*$I6 -> 9 | N6: =H6*$I6 -> 0 | O6: =SUM(J6:N6) -> 18
B7: IP Protection Strength | C7: 1 to 5*5 | D7: 5 | G7: 5 | I7: 5 | J7: =D7*$I7 -> 25 | K7: =E7*$I7 -> 0 | L7: =F7*$I7 -> 0 | M7: =G7*$I7 -> 25 | N7: =H7*$I7 -> 0 | O7: =SUM(J7:N7) -> 50
B8: Branding Readiness | C8: 1 to 5*5 | D8: 2 | G8: 2 | I8: 5 | J8: =D8*$I8 -> 10 | K8: =E8*$I8 -> 0 | L8: =F8*$I8 -> 0 | M8: =G8*$I8 -> 10 | N8: =H8*$I8 -> 0 | O8: =SUM(J8:N8) -> 20
B9: Commercialisation Readiness | C9: 1 to 5*10 | D9: 5 | G9: 5 | I9: 10 | J9: =D9*$I9 -> 50 | K9: =E9*$I9 -> 0 | L9: =F9*$I9 -> 0 | M9: =G9*$I9 -> 50 | N9: =H9*$I9 -> 0 | O9: =SUM(J9:N9) -> 100
B10: Exclusivity (0 score no Execlusivity & 5 Full Execlusivity) | C10: 1 to 5*100 | D10: 0 | G10: 5 | I10: 100 | J10: =D10*$I10 -> 0 | K10: =E10*$I10 -> 0 | L10: =F10*$I10 -> 0 | M10: =G10*$I10 -> 500 | N10: =H10*$I10 -> 0 | O10: =SUM(J10:N10) -> 500
B11: Total score = | D11: =SUM(D4:D10) -> 24 | E11: =SUM(E4:E10) -> 0 | F11: =SUM(F4:F10) -> 0 | G11: =SUM(G4:G10) -> 29 | H11: =SUM(H4:H10) -> 0
B12: Total Charges = | J12: =SUM(J4:J10) -> 107 | K12: =SUM(K4:K10) -> 0 | L12: =SUM(L4:L10) -> 0 | M12: =SUM(M4:M10) -> 607 | N12: =SUM(N4:N10) -> 0 | O12: =SUM(O4:O10) -> 714
B13: Packages | C13: Charges in OMR
B14: Bronze | C14: =_xlfn.FLOOR.MATH($J12/2,10) -> 50
B15: Silver | C15: =_xlfn.FLOOR.MATH($J12,10) -> 100
B16: Gold | C16: =_xlfn.FLOOR.MATH($J12,10)*5 -> 500
B18: Targeted Markets | E18: Targeted Number of Customers & Revenue
B19: Region | C19: Segments/Sectors | D19: Partners | E19: Bronze | F19: Silver | G19: Gold | H19: Other | I19: Other | J19: Total
B20: Oman (Projected Number of Customers) | C20: SI6/Garages | D20: Partners1 | E20: 100 | F20: 120 | G20: 100 | J20: =SUM(E20:I20) -> 320
D21: Partners2 | E21: 100 | F21: 120 | G21: 100 | J21: =SUM(E21:I21) -> 320
D22: Partners3 | E22: 100 | F22: 120 | G22: 100 | J22: =SUM(E22:I22) -> 320
C23: SI6/Services | D23: Partners4 | E23: 100 | F23: 120 | G23: 100 | J23: =SUM(E23:I23) -> 320
D24: Partners5 | E24: 100 | F24: 120 | G24: 100 | J24: =SUM(E24:I24) -> 320
D25: Partners6 | E25: 100 | F25: 120 | G25: 100 | J25: =SUM(E25:I25) -> 320
C26: SI6/Food & Beverages | D26: Partners7 | E26: 100 | F26: 120 | G26: 100 | J26: =SUM(E26:I26) -> 320
D27: Partners8 | E27: 100 | F27: 120 | G27: 100 | J27: =SUM(E27:I27) -> 320
D28: Partners9 | E28: 100 | F28: 120 | G28: 100 | J28: =SUM(E28:I28) -> 320
C29: Other(provision) | J29: =SUM(E29:I29) -> 0
J30: =SUM(E30:I30) -> 0
J31: =SUM(E31:I31) -> 0
C32: Other(provision) | J32: =SUM(E32:I32) -> 0
J33: =SUM(E33:I33) -> 0
J34: =SUM(E34:I34) -> 0
C35: Other(provision) | J35: =SUM(E35:I35) -> 0
J36: =SUM(E36:I36) -> 0
J37: =SUM(E37:I37) -> 0
C38: Other(provision) | J38: =SUM(E38:I38) -> 0
J39: =SUM(E39:I39) -> 0
J40: =SUM(E40:I40) -> 0
B41: Total Number of Customers -Oman | E41: =SUM(E20:E40) -> 900 | F41: =SUM(F20:F40) -> 1080 | G41: =SUM(G20:G40) -> 900 | H41: =SUM(H20:H40) -> 0 | I41: =SUM(I20:I40) -> 0 | J41: =SUM(E41:I41) -> 2880
B42: Total Revenue ( in OMR)-Oman | E42: =SUM(E20:E40)*$C$14/2 -> 22500 | F42: =SUM(F20:F40)*$C$15 -> 108000 | G42: =SUM(G20:G40)*$C$16 -> 450000 | H42: =SUM(H20:H40) -> 0 | I42: =SUM(I20:I40) -> 0 | J42: =SUM(E42:I42) -> 580500
B43: Iran (Projected Number of Customers) | C43: Segment 1 | D43: Partners1 | E43: 100 | F43: 120 | G43: 100 | J43: =SUM(E43:I43) -> 320
D44: Partners2 | E44: 100 | F44: 120 | G44: 100 | J44: =SUM(E44:I44) -> 320
D45: Partners3 | E45: 100 | F45: 120 | G45: 100 | J45: =SUM(E45:I45) -> 320
C46: Segment 2 | D46: Partners4 | E46: 100 | F46: 120 | G46: 100 | J46: =SUM(E46:I46) -> 320
D47: Partners5 | E47: 100 | F47: 120 | G47: 100 | J47: =SUM(E47:I47) -> 320
D48: Partners6 | E48: 100 | F48: 120 | G48: 100 | J48: =SUM(E48:I48) -> 320
C49: Segment3 | D49: Partners7 | E49: 100 | F49: 120 | G49: 100 | J49: =SUM(E49:I49) -> 320
D50: Partners8 | E50: 100 | F50: 120 | G50: 100 | J50: =SUM(E50:I50) -> 320
D51: Partners9 | E51: 100 | F51: 120 | G51: 100 | J51: =SUM(E51:I51) -> 320
C52: Other(provision) | J52: =SUM(E52:I52) -> 0
J53: =SUM(E53:I53) -> 0
J54: =SUM(E54:I54) -> 0
C55: Other(provision) | J55: =SUM(E55:I55) -> 0
J56: =SUM(E56:I56) -> 0
J57: =SUM(E57:I57) -> 0
C58: Other(provision) | J58: =SUM(E58:I58) -> 0
J59: =SUM(E59:I59) -> 0
J60: =SUM(E60:I60) -> 0
C61: Other(provision) | J61: =SUM(E61:I61) -> 0
J62: =SUM(E62:I62) -> 0
J63: =SUM(E63:I63) -> 0
B64: Total Number of Customers -Iran | E64: =SUM(E43:E63) -> 900 | F64: =SUM(F43:F63) -> 1080 | G64: =SUM(G43:G63) -> 900 | H64: =SUM(H43:H63) -> 0 | I64: =SUM(I43:I63) -> 0 | J64: =SUM(E64:I64) -> 2880
B65: Total Revenue ( in OMR)-Iran | E65: =SUM(E43:E63)*$C$14/2 -> 22500 | F65: =SUM(F43:F63)*$C$15 -> 108000 | G65: =SUM(G43:G63)*$C$16 -> 450000 | H65: =SUM(H43:H63) -> 0 | I65: =SUM(I43:I63) -> 0 | J65: =SUM(E65:I65) -> 580500
B66: Malaysia (Projected Number of Customers) | C66: Segment 1 | D66: Partners1 | E66: 100 | F66: 120 | G66: 100 | J66: =SUM(E66:I66) -> 320
D67: Partners2 | E67: 100 | F67: 120 | G67: 100 | J67: =SUM(E67:I67) -> 320
D68: Partners3 | E68: 100 | F68: 120 | G68: 100 | J68: =SUM(E68:I68) -> 320
C69: Segment 2 | D69: Partners4 | E69: 100 | F69: 120 | G69: 100 | J69: =SUM(E69:I69) -> 320
D70: Partners5 | E70: 100 | F70: 120 | G70: 100 | J70: =SUM(E70:I70) -> 320
D71: Partners6 | E71: 100 | F71: 120 | G71: 100 | J71: =SUM(E71:I71) -> 320
C72: Segment3 | D72: Partners7 | E72: 100 | F72: 120 | G72: 100 | J72: =SUM(E72:I72) -> 320
D73: Partners8 | E73: 100 | F73: 120 | G73: 100 | J73: =SUM(E73:I73) -> 320
D74: Partners9 | E74: 100 | F74: 120 | G74: 100 | J74: =SUM(E74:I74) -> 320
C75: Other(provision) | J75: =SUM(E75:I75) -> 0
J76: =SUM(E76:I76) -> 0
J77: =SUM(E77:I77) -> 0
C78: Other(provision) | J78: =SUM(E78:I78) -> 0
J79: =SUM(E79:I79) -> 0
J80: =SUM(E80:I80) -> 0
C81: Other(provision) | J81: =SUM(E81:I81) -> 0
J82: =SUM(E82:I82) -> 0
J83: =SUM(E83:I83) -> 0
C84: Other(provision) | J84: =SUM(E84:I84) -> 0
J85: =SUM(E85:I85) -> 0
J86: =SUM(E86:I86) -> 0
B87: Total Number of Customers -Malaysia | E87: =SUM(E66:E86) -> 900 | F87: =SUM(F66:F86) -> 1080 | G87: =SUM(G66:G86) -> 900 | H87: =SUM(H66:H86) -> 0 | I87: =SUM(I66:I86) -> 0 | J87: =SUM(E87:I87) -> 2880
B88: Total Revenue ( in OMR)-Malaysia | E88: =SUM(E66:E86)*$C$14/2 -> 22500 | F88: =SUM(F66:F86)*$C$15 -> 108000 | G88: =SUM(G66:G86)*$C$16 -> 450000 | H88: =SUM(H66:H86) -> 0 | I88: =SUM(I66:I86) -> 0 | J88: =SUM(E88:I88) -> 580500
B89: Total Number of Customers | E89: =E41+E64+E87 -> 2700 | F89: =F41+F64+F87 -> 3240 | G89: =G41+G64+G87 -> 2700 | H89: =H41+H64+H87 -> 0 | I89: =I41+I64+I87 -> 0 | J89: =J41+J64+J87 -> 8640
B90: Total Revenues ( in OMR) | E90: =E42+E65+E88 -> 67500 | F90: =F42+F65+F88 -> 324000 | G90: =G42+G65+G88 -> 1350000 | H90: =H42+H65+H88 -> 0 | I90: =I42+I65+I88 -> 0 | J90: =J42+J65+J88 -> 1741500
B93: Section 2: Summary Table | C93: Price
B94: Investment Strength Matrix | C94: Royalty | D94: Fees | E94: spinoff | F94: Franchise | G94: Other | H94: Total
B95: Strength of idea/ Concept | C95: =D4*$I4 -> 5 | D95: =E4*$I4 -> 0 | E95: =F4*$I4 -> 0 | F95: =G4*$I4 -> 5 | G95: =H4*$I4 -> 0 | H95: =SUM(C95:G95) -> 10
B96: Prototype readiness for commercialisation | C96: =D5*$I5 -> 8 | D96: =E5*$I5 -> 0 | E96: =F5*$I5 -> 0 | F96: =G5*$I5 -> 8 | G96: =H5*$I5 -> 0 | H96: =SUM(C96:G96) -> 16
B97: Completion & Quality of Piloting Scale | C97: =D6*$I6 -> 9 | D97: =E6*$I6 -> 0 | E97: =F6*$I6 -> 0 | F97: =G6*$I6 -> 9 | G97: =H6*$I6 -> 0 | H97: =SUM(C97:G97) -> 18
B98: IP Protection Strength | C98: =D7*$I7 -> 25 | D98: =E7*$I7 -> 0 | E98: =F7*$I7 -> 0 | F98: =G7*$I7 -> 25 | G98: =H7*$I7 -> 0 | H98: =SUM(C98:G98) -> 50
B99: Branding Readiness | C99: =D8*$I8 -> 10 | D99: =E8*$I8 -> 0 | E99: =F8*$I8 -> 0 | F99: =G8*$I8 -> 10 | G99: =H8*$I8 -> 0 | H99: =SUM(C99:G99) -> 20
B100: Commercialisation Readiness | C100: =D9*$I9 -> 50 | D100: =E9*$I9 -> 0 | E100: =F9*$I9 -> 0 | F100: =G9*$I9 -> 50 | G100: =H9*$I9 -> 0 | H100: =SUM(C100:G100) -> 100
B101: Exclusivity (0 score no Execlusivity & 5 Full Execlusivity) | C101: =D10*$I10 -> 0 | D101: =E10*$I10 -> 0 | E101: =F10*$I10 -> 0 | F101: =G10*$I10 -> 500 | G101: =H10*$I10 -> 0 | H101: =SUM(C101:G101) -> 500
B102: Total score = | C102: =ROUNDDOWN(SUM(C95:C101),10) -> 107 | D102: =SUM(D95:D101) -> 0 | E102: =SUM(E95:E101) -> 0 | F102: =SUM(F95:F101) -> 607 | G102: =SUM(G95:G101) -> 0 | H102: =SUM(H95:H101) -> 714
B103: Total Charges = | C103: =C102 -> 107 | D103: =D102 -> 0 | E103: =E102 -> 0 | F103: =F102 -> 607 | G103: =G102 -> 0
...

Sheet investment_strength_matrix
A1: field | B1: royalty_price | C1: fees_price | D1: spinoff_price | E1: franchise_price | F1: other_price | G1: total_price
A2: Strength of idea/ Concept | B2: ='Commercialisation Model'!D4*'Commercialisation Model'!$I4 -> 5 | C2: ='Commercialisation Model'!E4*'Commercialisation Model'!$I4 -> 0 | D2: ='Commercialisation Model'!F4*'Commercialisation Model'!$I4 -> 0 | E2: ='Commercialisation Model'!G4*'Commercialisation Model'!$I4 -> 5 | F2: ='Commercialisation Model'!H4*'Commercialisation Model'!$I4 -> 0 | G2: =SUM(B2:F2) -> 10
A3: Prototype readiness for commercialisation | B3: ='Commercialisation Model'!D5*'Commercialisation Model'!$I5 -> 8 | C3: ='Commercialisation Model'!E5*'Commercialisation Model'!$I5 -> 0 | D3: ='Commercialisation Model'!F5*'Commercialisation Model'!$I5 -> 0 | E3: ='Commercialisation Model'!G5*'Commercialisation Model'!$I5 -> 8 | F3: ='Commercialisation Model'!H5*'Commercialisation Model'!$I5 -> 0 | G3: =SUM(B3:F3) -> 16
A4: Completion & Quality of Piloting Scale | B4: ='Commercialisation Model'!D6*'Commercialisation Model'!$I6 -> 9 | C4: ='Commercialisation Model'!E6*'Commercialisation Model'!$I6 -> 0 | D4: ='Commercialisation Model'!F6*'Commercialisation Model'!$I6 -> 0 | E4: ='Commercialisation Model'!G6*'Commercialisation Model'!$I6 -> 9 | F4: ='Commercialisation Model'!H6*'Commercialisation Model'!$I6 -> 0 | G4: =SUM(B4:F4) -> 18
A5: IP Protection Strength | B5: ='Commercialisation Model'!D7*'Commercialisation Model'!$I7 -> 25 | C5: ='Commercialisation Model'!E7*'Commercialisation Model'!$I7 -> 0 | D5: ='Commercialisation Model'!F7*'Commercialisation Model'!$I7 -> 0 | E5: ='Commercialisation Model'!G7*'Commercialisation Model'!$I7 -> 25 | F5: ='Commercialisation Model'!H7*'Commercialisation Model'!$I7 -> 0 | G5: =SUM(B5:F5) -> 50
A6: Branding Readiness | B6: ='Commercialisation Model'!D8*'Commercialisation Model'!$I8 -> 10 | C6: ='Commercialisation Model'!E8*'Commercialisation Model'!$I8 -> 0 | D6: ='Commercialisation Model'!F8*'Commercialisation Model'!$I8 -> 0 | E6: ='Commercialisation Model'!G8*'Commercialisation Model'!$I8 -> 10 | F6: ='Commercialisation Model'!H8*'Commercialisation Model'!$I8 -> 0 | G6: =SUM(B6:F6) -> 20
A7: Commercialisation Readiness | B7: ='Commercialisation Model'!D9*'Commercialisation Model'!$I9 -> 50 | C7: ='Commercialisation Model'!E9*'Commercialisation Model'!$I9 -> 0 | D7: ='Commercialisation Model'!F9*'Commercialisation Model'!$I9 -> 0 | E7: ='Commercialisation Model'!G9*'Commercialisation Model'!$I9 -> 50 | F7: ='Commercialisation Model'!H9*'Commercialisation Model'!$I9 -> 0 | G7: =SUM(B7:F7) -> 100
A8: Exclusivity (0 score no Execlusivity & 5 Full Execlusivity) | B8: ='Commercialisation Model'!D10*'Commercialisation Model'!$I10 -> 0 | C8: ='Commercialisation Model'!E10*'Commercialisation Model'!$I10 -> 0 | D8: ='Commercialisation Model'!F10*'Commercialisation Model'!$I10 -> 0 | E8: ='Commercialisation Model'!G10*'Commercialisation Model'!$I10 -> 500 | F8: ='Commercialisation Model'!H10*'Commercialisation Model'!$I10 -> 0 | G8: =SUM(B8:F8) -> 500
A9: Total score = | B9: =ROUNDDOWN(SUM(B2:B8),10) -> 107 | C9: =SUM(C2:C8) -> 0 | D9: =SUM(D2:D8) -> 0 | E9: =SUM(E2:E8) -> 607 | F9: =SUM(F2:F8) -> 0 | G9: =SUM(G2:G8) -> 714
A10: Total Charges = | B10: =B9 -> 107 | C10: =C9 -> 0 | D10: =D9 -> 0 | E10: =E9 -> 607 | F10: =F9 -> 0

Sheet packages
A1: field | B1: bronze | C1: silver | D1: gold
A2: Charges (in OMR) | B2: =_xlfn.FLOOR.MATH(investment_strength_matrix!$B10/2,10) -> 50 | C2: =_xlfn.FLOOR.MATH(investment_strength_matrix!$B10,10) -> 100 | D2: =_xlfn.FLOOR.MATH(investment_strength_matrix!$B10,10)*5 -> 500

Sheet customers_revenue
A1: field | B1: bronze | C1: silver | D1: gold | E1: other1 | F1: other2 | G1: total
A2: Total Number of Customers -Oman | B2: ='Commercialisation Model'!E41 -> 900 | C2: ='Commercialisation Model'!F41 -> 1080 | D2: ='Commercialisation Model'!G41 -> 900 | E2: ='Commercialisation Model'!H41 -> 0 | F2: ='Commercialisation Model'!I41 -> 0 | G2: ='Commercialisation Model'!J41 -> 2880
A3: Total Revenue ( in OMR)-Oman | B3: ='Commercialisation Model'!E42 -> 22500 | C3: ='Commercialisation Model'!F42 -> 108000 | D3: ='Commercialisation Model'!G42 -> 450000 | E3: ='Commercialisation Model'!H42 -> 0 | F3: ='Commercialisation Model'!I42 -> 0 | G3: ='Commercialisation Model'!J42 -> 580500
A4: Total Number of Customers -Iran | B4: ='Commercialisation Model'!E64 -> 900 | C4: ='Commercialisation Model'!F64 -> 1080 | D4: ='Commercialisation Model'!G64 -> 900 | E4: ='Commercialisation Model'!H64 -> 0 | F4: ='Commercialisation Model'!I64 -> 0 | G4: =SUM(B4:F4) -> 2880
A5: Total Revenue ( in OMR)-Iran | B5: ='Commercialisation Model'!E65 -> 22500 | C5: ='Commercialisation Model'!F65 -> 108000 | D5: ='Commercialisation Model'!G65 -> 450000 | E5: ='Commercialisation Model'!H65 -> 0 | F5: ='Commercialisation Model'!I65 -> 0 | G5: =SUM(B5:F5) -> 580500
A6: Total Number of Customers -Malaysia | B6: ='Commercialisation Model'!E87 -> 900 | C6: ='Commercialisation Model'!F87 -> 1080 | D6: ='Commercialisation Model'!G87 -> 900 | E6: ='Commercialisation Model'!H87 -> 0 | F6: ='Commercialisation Model'!I87 -> 0 | G6: =SUM(B6:F6) -> 2880
A7: Total Revenue ( in OMR)-Malaysia | B7: ='Commercialisation Model'!E88 -> 22500 | C7: ='Commercialisation Model'!F88 -> 108000 | D7: ='Commercialisation Model'!G88 -> 450000 | E7: ='Commercialisation Model'!H88 -> 0 | F7: ='Commercialisation Model'!I88 -> 0 | G7: =SUM(B7:F7) -> 580500
A8: Total Number of Customers | B8: =B2+B4+B6 -> 2700 | C8: =C2+C4+C6 -> 3240 | D8: =D2+D4+D6 -> 2700 | E8: =E2+E4+E6 -> 0 | F8: =F2+F4+F6 -> 0 | G8: =G2+G4+G6 -> 8640
A9: Total Revenues ( in OMR) | B9: =B3+B5+B7 -> 67500 | C9: =C3+C5+C7 -> 324000 | D9: =D3+D5+D7 -> 1350000 | E9: =E3+E5+E7 -> 0 | F9: =F3+F5+F7 -> 0 | G9: =G3+G5+G7 -> 1741500
